ITEM,DESCRIPTION,WEIGHT [g],USEFULNESS [1-100]
Nail polish,"Feest, Goyette and Schoen",59.43,36
Glasses,lime Merino Wool,893.54,4
Necklace,cyan cashmere,292.99,9
Razor,MacGyver LLC,34.38,59
Bow tie,white Damask,110.95,14
Polo shirt,fuchsia Chiffon,389.41,43
Perfume,Satterfield - Kovacek,122.12,10
Capri trousers,orange Organza,795.47,3
Gloves,gold Georgette,695.62,85
Perfume,"Mayert, Luettgen and Toy",81.84,65
T-shirt,lime Satin,574.95,19
Purse,plum Lace,327.14,57
Mouthwash,Powlowski - Wisoky,146.87,41
monokini,red Velvet,570.63,65
Sweater,orchid Jersey,720.22,33
Comb,"Wolf, Herzog and Kuhlman",113.36,30
Long coat,violet Organza,828.49,64
Cargo pants,mint green Merino Wool,748.48,9
Toothpaste,Kuhlman - Bednar,151.03,6
Perfume,lime Linen,436.18,95
Jeans,orchid cashmere,372.06,39
Perfume,Abbott Inc,25.51,83
Pullover,tan Linen,641.02,84
monokini,yellow Viscose,346.62,30
Moisturizer,"Flatley, Schimmel and Predovic",53.31,91
T-shirt,lavender Silk,356.84,63
Hoodie,maroon Velvet,846.5,11
hair dryer,Toy - Lebsack,161.66,42
Coat,green Merino Wool,817.55,33
Handbag,salmon Linen,375.43,24
Eyeliner,"Carter, Hauck and Dibbert",106.98,8
Scarf,maroon Organza,24.19,3
Sunglasses,grey Velvet,624.98,33
Bronzer,Beer - Doyle,148.09,66
Jumper,blue cashmere,981.37,90
One-piece bathing suit,indigo Merino Wool,51.22,76
Toothbrush,"Beahan, Zboncak and Berge",78.75,12
Flip flops,white Chiffon,278.29,45
Mittens,fuchsia Spandex,199.44,80
Mascara,Hagenes Inc,160.52,8
Belt,yellow Twill,571.48,44
Boots,azure Modal,404.67,71
Deodorant,Hand - Langworth,94.19,10
Polo shirt,ivory Leather,787.47,39
Scarf,white Polyester,966.87,89
Blush,"Powlowski, Will and Rowe",121.45,65
Jacket,red Taffeta,603.28,67
Hawaiian shirt,maroon Gingham,192.5,71
Brightener,Gorczany - Huels,21.21,16
Cap,ivory Chiffon,573.91,96
Flip flops,azure Velvet,297.23,3
Hair band,Hartmann LLC,117.65,90
Handbag,lime Georgette,242.79,37
Sunglasses,turquoise Linen,908.24,30
Foundation,Mertz Group,140.89,12
Gloves,grey Tweed,454.31,1
Skirt,sky blue Viscose,956.98,19
Bronzer,"Gusikowski, Leuschke and Hickle",110.69,91
Long-sleeve top,fuchsia Jersey,729.66,14
Bow tie,blue Crepe,694.37,27
Wet wipe,Parisian and Sons,25.23,23
Top hat,pink Linen,826.45,42
Socks,purple Damask,436.36,2
Hairbrush,Rice - Block,19.62,96
Long coat,yellow Linen,743.26,85
Hawaiian shirt,gold Merino Wool,570.98,96
Foundation,Zulauf LLC,50.88,10
Gym clothes,cyan Spandex,27.57,76
Scarf,teal Satin,717.92,85
Primer,"Trantow, Aufderhar and Brekke",89.66,73
Scarf,orange Crepe,791.96,84
Winter coat,black Twill,254.18,41
Concealer,Nicolas - Rolfson,183.91,45
Jeans,black cashmere,825.99,80
Purse,grey Suede,720.31,31
Lip gloss,Witting Inc,199.1,62
Watch,ivory canvas,764.99,89
Trench coat,orange Muslin,259.9,100
Sunscreen,Buckridge Inc,109.51,42
Blazer,tan Crepe,708.52,23
Boots,green Organza,241.74,47
Deodorant,"Sanford, Gislason and Funk",55.04,54
One-piece bathing suit,gold Suede,750.48,79
Cap,olive canvas,593.68,24
Scissors,Yost LLC,79.86,35
Bra,green Modal,663.16,32
Bikini,gold Leather,218.86,28
Mirror,"Tillman, Carroll and Hahn",59.13,91
Boots,ivory Georgette,448.23,98
Jacket,ivory Satin,480.25,90
Cleanser,Lubowitz - Wintheiser,153.92,9
monokini,black Lace,537.25,22
Boots,salmon Jersey,618.43,17
Primer,Boyle - Langworth,74.86,40
Cap,gold canvas,91.45,74
Wallet,maroon Satin,471.33,13
Mouthwash,Grady - Friesen,36.66,39
Scarf,orchid Suede,397.72,70
Sheath dress,fuchsia Twill,447.99,2
Hand lotion,"Bauch, Hyatt and Beer",197.11,17
Jeans,azure Silk,701.4,19
Swimsuit,gold Georgette,637.66,75
Foundation,Gusikowski and Sons,77.31,27
Slip,mint green Twill,562.41,73
Gloves,gold Spandex,260.96,17
Tweezers,Tromp LLC,100.26,31
Cardigan,silver Tweed,132.5,57
Skirt,green Suede,856.66,5
hair gel,Cole and Sons,175.31,68
Underpants,fuchsia Velvet,832.23,77
High heels,salmon Chiffon,108.41,74
Nail polish,Barton - Beer,140.52,51
Thong,gold Polyester,824.32,36
Singlet,plum Organza,839.61,43
Primer,Hilpert - Abbott,144.98,12
monokini,red Toile,760.1,78
Tie,sky blue Organza,148,64
Foundation,Morissette - Rogahn,10.83,84
Ring,silver Muslin,696.16,96
Dress,violet Muslin,181.22,14
Face cream,"Zemlak, Satterfield and Runolfsson",134.64,49
Polo shirt,orchid Twill,247.46,90
Belt,cyan Spandex,505.41,45
Face cream,Osinski LLC,183.48,66
Earmuffs,fuchsia Viscose,452.18,74
Beret,turquoise Spandex,540.88,49
Blush,Schultz and Sons,178.95,56
Trench coat,lime Damask,63.1,67
Watch,lime Jersey,324.68,9
Tissues,"Ortiz, Baumbach and Fritsch",127.25,58
Bracelet,green Georgette,74.02,19
Beret,mint green Damask,837.07,78
Face cream,Breitenberg - Gorczany,192.08,12
T-shirt,pink Tweed,509.92,91
High heels,yellow Tweed,453.81,45
Tissues,"Kuhic, O'Hara and O'Connell",16.72,6
Handbag,sky blue Silk,722.09,30
Flip flops,sky blue Spandex,240.67,48
Cleanser,Rogahn and Sons,48.51,18
High-heeled shoes,teal Cotton,24.4,27
monokini,green Gingham,437.4,20
Mascara,Little LLC,199.24,4
Mittens,lavender Silk,513.68,98
Jeans,gold Viscose,965.5,31
Comb,Blanda - Carter,62.29,43
Long coat,gold Gingham,479,91
Singlet,mint green Modal,899.95,37
Scissors,Strosin and Sons,72.86,11
Jumper,orchid Gingham,500.32,36
Cardigan,gold Modal,162.58,91
Primer,Friesen Inc,169.6,13
Waistcoat,cyan Viscose,392.22,93
Gym clothes,azure Twill,765.02,21
Foundation,"Maggio, Sipes and O'Hara",92.29,80
Formal dress,purple Jersey,691.67,66
Watch,yellow Chenille,63.52,84
Face cream,Stroman Inc,195.06,46
Gloves,silver Suede,455.22,55
Stockings,lavender Chenille,322.35,9
Deodorant,"Crist, Reichert and Herman",82.13,42
Polo shirt,gold Lace,879.52,69
Dress pants,violet Leather,558.93,10
Hair clip,Wehner - Kris,167.01,76
Boots,cyan Toile,601.05,9
Trench coat,olive Muslin,540.26,2
Bobby pin,Stoltenberg Group,172.98,36
Top hat,teal cashmere,981.49,49
Polo shirt,olive cashmere,935.45,55
Mascara,Grady Inc,56.14,74
Hawaiian shirt,green Linen,487.27,46
Sheath dress,purple Muslin,896.94,71
soap,"Koss, Langosh and Rice",44.21,82
Sleeveless shirt,ivory Jersey,98.68,17
Boots,sky blue Silk,921.5,22
Blush,"Bogisich, DuBuque and Harber",46.24,36
Cap,tan Taffeta,563.02,54
Handbag,azure Satin,327.99,1
Toothpaste,Legros - Little,136.91,22
Jumper,salmon Leather,624.11,28
Uniform,teal Silk,817.95,24
Perfume,"Schowalter, Luettgen and Beahan",18.19,51
Shorts,turquoise cashmere,49.85,90
Socks,blue Toile,778.31,6
Hairbrush,Hammes Group,195.07,71
Gloves,azure Viscose,31.48,9
Earmuffs,orange canvas,904.41,4
Mascara,Thompson - Crona,171.63,19
Underpants,turquoise Twill,542.36,14
Jumper,lime Leather,723.34,90
Mirror,Smith - Predovic,162.04,17
Hoodie,fuchsia Tweed,381.33,70
Sport shoes,pink Damask,69.03,63
hair gel,"Hansen, Ward and Sporer",88.76,66
Trench coat,ivory Lace,541.57,89
Wallet,black Gingham,401.01,8
Dental floss,Hettinger Group,87.83,42
Mittens,purple Jersey,489.22,99
Earmuffs,sky blue cashmere,789.96,6
hair gel,"Reynolds, Hegmann and Treutel",35.05,60
Sneakers,orchid Gingham,540.12,58
Derby hat,fuchsia Tweed,844.05,4
Concealer,Cruickshank Inc,74.68,80
Jeans,maroon Georgette,160.81,51
Earrings,grey Suede,993.39,30
hair gel,Gottlieb and Sons,48.47,68
Bathrobe,turquoise Jersey,785.69,38
Trench coat,purple Cotton,199.96,86
Sunscreen,Glover - Emmerich,179.18,75
T-shirt,blue Taffeta,967.51,75
Skirt,cyan Gingham,535.89,41
Sunglasses,Wiegand - Kozey,194.4,29
Socks,silver Jersey,207.74,65
Bikini,lavender Twill,42.91,21
Brush,"Osinski, Harvey and Pfeffer",122.42,25
Jacket,turquoise Crepe,854.52,19
Swimsuit,indigo Crepe,575.71,97
Face cream,Rau and Sons,57.56,62
Hawaiian shirt,violet Chiffon,82.84,99
Jacket,salmon Velvet,376.95,83
Wet wipe,"Okuneva, Kutch and Mertz",138.61,9
Pullover,lavender Georgette,493.97,90
Flip flops,mint green canvas,264.35,70
Dental floss,Gusikowski - Stanton,192.28,21
Ring,mint green Chiffon,656.82,63
Socks,magenta Lace,302.85,87
Foundation,Ortiz Group,41.23,84
Boots,grey Linen,690.54,67
Bathrobe,black Polyester,963.81,81
Nail polish,Boyer - Beatty,173.68,43
Ring,green Jersey,947.01,83
Handbag,yellow Leather,187.75,26
Hand lotion,Hyatt - Ryan,83.02,42
Long-sleeve top,olive Viscose,891.37,54
High-heeled shoes,lavender Silk,602.79,7
hair gel,"Wehner, D'Amore and Kulas",62.54,8
Dress pants,sky blue Toile,821.69,81
Hoodie,turquoise Georgette,805.44,67
Lipstick,Fritsch - Hintz,31.76,36
Socks,lime Jersey,799.33,48
Mittens,cyan canvas,360.41,59
Face cream,Schoen - Crist,15.65,64
Swim trunks,ivory Chenille,362.03,6
Gloves,violet Gingham,382.54,6
Scissors,Mraz and Sons,169.29,42
Long coat,plum Satin,955.15,47
Trench coat,sky blue Chiffon,623.28,40
Brightener,Quitzon Inc,50.54,16
Sleeveless shirt,red Georgette,736.91,28
Dress,turquoise Jersey,909.25,26
Tweezers,"Kovacek, Klocko and Weimann",193.12,67
Thong,azure Suede,480.17,21
Skirt,sky blue Viscose,72.51,16
Brush,"Gleichner, Heathcote and Lehner",153.28,93
Boots,lavender Crepe,467.28,19
Watch,teal Spandex,635.78,94
Eye shadow,Ondricka Inc,87.59,85
Cap,yellow Tweed,468.4,30
Hoodie,silver Chiffon,592.35,71
Comb,Hagenes - Borer,129.14,47
Thong,grey Twill,478.12,88
Mittens,olive Taffeta,875.57,91
Hair band,Gutkowski - Schowalter,180.98,16
Business shoes,silver Crepe,100.92,59
Flip flops,pink Jersey,58.79,83
Tanning lotion,Armstrong Group,18.51,27
monokini,indigo Georgette,779.21,55
Glasses,yellow Georgette,797.27,30
Razor,Spinka - Renner,52.74,20
Jacket,orange Taffeta,192.63,53
Jeans,lime Suede,267.49,77
Hair spray,"Hoppe, Stoltenberg and McGlynn",135.83,24
Shirt,azure cashmere,37.41,72
Stockings,teal Chiffon,883.76,13
Brightener,Spinka - Dickinson,157.75,10
Hawaiian shirt,green Suede,321.86,54
Dress,green Jersey,499.36,97
Hand lotion,Boehm Inc,94.47,60
Stockings,salmon Chenille,960.75,82
Perfume,gold Chenille,92.27,18
Eye shadow,"Olson, Pouros and Armstrong",97.07,27
Mittens,teal Toile,863.02,74
Skirt,orchid Suede,725.62,60
Bobby pin,Cartwright Group,29.48,48
Earmuffs,white Polyester,184.4,65
High-heeled shoes,lavender cashmere,405.94,83
Hair spray,Miller Group,65.43,17
Dress,silver Merino Wool,226.65,79
Gym clothes,tan Viscose,196.51,85
soap,"Botsford, Kuphal and McGlynn",173.77,31
Long-sleeve top,orange Tweed,420.88,94
Boots,cyan Crepe,718.3,91
Face cream,"Reynolds, Smitham and Mante",40.62,83
Belt,grey Jersey,793.23,8
Beanie,plum Merino Wool,847.22,7
Primer,Kiehn Group,118.86,6
Hoodie,azure Linen,378.86,4
Boots,lavender Modal,135.48,7
soap,Lemke - Koelpin,48.5,90
Jacket,orange Leather,212.89,9
Jacket,fuchsia Chenille,488.32,42
Hair spray,"Pacocha, Grant and Leuschke",145.4,72
Formal dress,cyan Chiffon,213.49,67
Long-sleeve top,azure Crepe,142.76,42
Lip liner,Greenholt Group,33.01,10
Earrings,violet Muslin,427.1,2
Long coat,tan Tweed,915.61,10
Sunscreen,Mante LLC,59.57,97
Tank top,lime Merino Wool,150.54,78
Necklace,tan Jersey,23.28,99
Bobby pin,"Witting, Breitenberg and Schowalter",70.13,22
Top hat,grey canvas,403.33,81
Straw hat,ivory Toile,968.71,13
Hair spray,Prohaska - Corwin,48.89,10
Skirt,grey Leather,805.61,49
Trench coat,grey Viscose,897,29
Mouthwash,Rempel and Sons,190.94,8
Stockings,green Organza,235,13
Blazer,violet Organza,54.7,5
Hair band,"Zieme, Streich and McCullough",103.07,63
Tank top,green Jersey,902.82,4
Long-sleeve top,black Suede,910.53,99
Razor,Hayes LLC,137.03,4
Bracelet,salmon Suede,319.91,98
Trench coat,red Spandex,296.97,47
Toothpaste,Bartoletti - Bashirian,108.08,92
Glasses,purple Gingham,75.85,53
Purse,mint green Toile,646.46,8
Toothbrush,"White, Konopelski and Gusikowski",143.68,87
Underpants,ivory Chiffon,24.98,22
Bikini,plum Chenille,984.49,14
Eyeliner,Metz - Klocko,57.04,75
Scarf,salmon Spandex,439.09,28
Sunglasses,blue Linen,775.68,36
Hand lotion,Konopelski - Sipes,176.68,73
Handbag,indigo Gingham,722.81,83
Socks,magenta Twill,56.15,7
Makeup kit,"Jakubowski, Moen and Powlowski",198.45,15
Thong,teal Georgette,846.79,7
Gym clothes,black Taffeta,711.16,97
Razor,Lehner Inc,188.49,6
Cap,silver Chenille,605.87,8
Jacket,cyan Jersey,147.58,1
Toner,Schultz LLC,53.27,26
Sunglasses,magenta canvas,820.29,52
Glasses,silver Velvet,999.25,91
Wet wipe,Padberg - Volkman,83.05,51
Sport shoes,ivory Satin,914.19,75
Swimsuit,black Spandex,219.94,23
Hair spray,Von and Sons,190.14,93
T-shirt,gold Chiffon,363.71,95
Watch,tan Tweed,223.89,6
Tissues,Fahey - Aufderhar,11.42,18
Hoodie,tan Spandex,574.37,60
Boots,maroon Merino Wool,720.47,22
Face cream,"Gibson, Schowalter and Carter",63.88,1
Polo shirt,violet Tweed,681.74,41
Dress pants,grey Modal,189.15,43
Mascara,Gerhold and Sons,171.47,13
Polo shirt,gold Tweed,257.6,6
Sheath dress,ivory canvas,627.48,8
Makeup kit,Ward - Brown,15.8,69
Stockings,red Linen,843.59,80
Dress,plum Toile,856.66,63
Eyeliner,Bergnaum - Rice,169.99,14
Bathrobe,silver cashmere,855.83,47
Earrings,yellow Jersey,637.01,24
Blush,"Waelchi, Raynor and Smith",172.73,53
Shirt,orange Velvet,514.46,41
High-heeled shoes,grey Jersey,405.97,10
Lip liner,Runolfsdottir Inc,40.58,74
Scarf,fuchsia Spandex,420.46,72
Socks,cyan Taffeta,748.9,59
Brush,Mosciski and Sons,86.4,55
Boots,blue Jersey,324.25,6
T-shirt,sky blue Satin,544.32,85
Wet wipe,Cummings - Durgan,51.07,27
Capri trousers,indigo Velvet,312.51,32
Polo shirt,azure Twill,408.42,86
Mirror,Daniel and Sons,179.51,95
High-heeled shoes,ivory Muslin,479.98,18
Purse,azure Jersey,675.21,39
Bronzer,Anderson Inc,88.61,65
Jacket,silver Tweed,808.27,50
Long-sleeve top,blue Muslin,681.79,22
Hairbrush,"Schmidt, Rodriguez and Harris",132.84,85
Beret,white Satin,749.04,97
Handbag,maroon Linen,262.29,95
Tweezers,Spinka - Friesen,34.75,75
Perfume,indigo Gingham,912.66,12
Jacket,turquoise Chiffon,583,82
Foundation,"Goldner, Wehner and Thiel",194.69,88
Sport shoes,purple canvas,802.28,32
Shorts,silver Chiffon,450.26,99
Toothbrush,Lehner Inc,64.95,3
Socks,green cashmere,130.52,32
Long-sleeve top,maroon Leather,198.63,31
Hair spray,Steuber - Hilpert,92.95,68
Boots,purple Damask,932.38,76
One-piece bathing suit,cyan Suede,536.06,39
Razor,Metz - Gulgowski,86.08,97
Dress,mint green Chenille,236.32,32
Watch,azure Silk,871.9,14
Hair band,"Kuphal, Tillman and Hackett",164.84,68
Thong,cyan Muslin,491.17,80
Boots,indigo Silk,352.15,20
Moisturizer,Swaniawski LLC,61.41,49
Wallet,salmon Organza,444.61,38
Flip flops,violet Suede,917.72,59
hair dryer,Schmeler LLC,39.74,41
One-piece bathing suit,olive canvas,356.15,26
Gym clothes,fuchsia Viscose,744.29,9
Perfume,Armstrong - Orn,189.41,53
Slip,lime Crepe,519.49,12
Socks,violet Satin,144.49,8
Brightener,DuBuque LLC,116.27,91
Dress pants,salmon cashmere,425.8,93
Tank top,maroon Georgette,83.37,23
Toner,Lang Group,51.64,66
Trench coat,teal Modal,265.82,2
Jeans,grey Damask,269.95,70
Toothpaste,Murray - Toy,78.91,95
Hawaiian shirt,azure Modal,519.55,20
Long-sleeve top,gold Muslin,96.12,4
Bobby pin,"Lehner, Hermann and Haag",39.11,58
Waistcoat,blue Viscose,272.3,45
Bathrobe,fuchsia Chenille,324.87,82
Eye shadow,Konopelski - Von,27.42,33
Underpants,blue Modal,45.04,20
Tie,silver Lace,377.4,82
Hair band,"Romaguera, Brekke and Von",103.11,44
Swim trunks,olive Leather,286.26,41
Boots,yellow cashmere,24.35,85
Hairbrush,"O'Conner, Reichert and Powlowski",167.52,70
Sleeveless shirt,fuchsia Polyester,468.44,44
Jacket,blue Toile,994.37,30
Toner,Keebler - Wintheiser,30.47,60
Flip flops,lavender cashmere,384.42,53
Hawaiian shirt,plum Gingham,409.08,17
Mirror,"Okuneva, Johnson and Gislason",187.19,44
Dress pants,indigo Gingham,440.83,63
Beret,magenta Merino Wool,205.29,83
Hair spray,"Ebert, Ortiz and Kunde",46.79,23
Dress,plum Modal,497.61,6
Suit,lime Velvet,371.96,20
Eyeliner,Smitham Inc,41.31,88
Tank top,tan Spandex,692.61,59
Top hat,blue Suede,116.13,47
Brush,"Prosacco, Stiedemann and Little",136.9,51
Swim trunks,lime Damask,406.34,73
Boots,purple Tweed,834.81,76
Lip gloss,Waelchi - Green,58.27,1
Necklace,turquoise Polyester,248.15,24
Flip flops,tan Chiffon,49.46,13
Concealer,Halvorson - Schimmel,25.25,56
Bra,lavender Georgette,620.46,69
Gloves,lavender Cotton,943.12,30
Tweezers,Gerhold Inc,36.41,54
Belt,sky blue Merino Wool,848.96,56
Sneakers,olive Suede,312.12,2
Brightener,Schuppe - Labadie,148.94,58
Mittens,yellow Georgette,264.49,33
One-piece bathing suit,fuchsia Linen,749.52,57
Sunglasses,Collier and Sons,95.7,57
Gym clothes,orchid Toile,69.87,13
Tank top,lavender Merino Wool,581.38,16
Deodorant,Kovacek Group,55.68,7
One-piece bathing suit,gold Jersey,31.01,42
Tank top,ivory Gingham,535.32,3
Tissues,Wolf LLC,87.54,13
Jeans,maroon cashmere,364.69,15
Singlet,turquoise Damask,456.7,70
hair dryer,Waelchi - Hane,132.06,73
Stockings,green Chenille,209.15,34
Trench coat,lime Silk,923.64,49
hair dryer,"Lebsack, Emmerich and Block",20.67,20
T-shirt,black Viscose,134.23,30
Jacket,cyan Tweed,842.5,8
Primer,Breitenberg Group,111.58,89
Bikini,azure canvas,986.69,20
Watch,olive Jersey,18.58,54
Sunscreen,"Wyman, Collins and Kuhlman",111.12,71
Sport shoes,violet Satin,390.49,38
Sweater,yellow Silk,335.86,44
Tanning lotion,"Bergnaum, Stracke and Keeling",171.05,93
Hoodie,black Organza,782.8,60
One-piece bathing suit,lavender Spandex,35.84,70
soap,Douglas - Dibbert,16.21,43
Swim trunks,white Organza,43.42,100
Cargo pants,olive Modal,199.28,23
Lip liner,"Schmidt, Gutmann and Ferry",32.75,68
Ring,orange Chiffon,846.76,65
Bathrobe,yellow Muslin,458.42,39
hair dryer,"Funk, Reichert and Rolfson",129.33,46
Polo shirt,blue Suede,154.16,53
Purse,pink Silk,164.67,38
Mouthwash,Erdman Group,174.35,94
Long coat,indigo Cotton,564.5,45
Trench coat,gold Chenille,561.74,10
Lipstick,Wyman - Dickinson,63.91,97
Sheath dress,plum Twill,511.89,52
Bracelet,salmon Jersey,237.81,65
Cleanser,"Doyle, Schamberger and Torp",69.71,64
Thong,pink Lace,426.82,7
Beanie,cyan Chiffon,945.62,7
Foundation,"Lesch, Carter and Windler",199.59,59
T-shirt,sky blue Viscose,883.07,50
Swimsuit,black Leather,227.24,1
Hair clip,Keeling LLC,69.5,24
Swimsuit,azure Silk,963.25,86
Stockings,red Crepe,387.34,84
Toothbrush,Kilback - Jacobi,44.48,82
Capri trousers,pink Lace,361.82,60
Gloves,gold Viscose,88.62,15
hair dryer,Marquardt - Gerlach,111.69,51
Handbag,orange Twill,966.35,62
Bracelet,salmon Crepe,200.54,45
Hairbrush,Collins - Treutel,169.89,30
Gloves,olive Silk,534.14,86
Watch,mint green Chenille,621.28,31
Primer,Rau Group,137.84,15
Trench coat,red Damask,685.54,90
Necklace,gold Crepe,505.29,32
Makeup kit,Goodwin Inc,90.65,22
Capri trousers,red Satin,918.41,84
Polo shirt,lime Jersey,405.49,86
Eyeliner,Strosin and Sons,147.8,66
Mittens,orchid Gingham,822.11,48
Skirt,purple Muslin,436.55,39
Nail polish,Rosenbaum and Sons,93.71,17
Long-sleeve top,azure Organza,457.39,98
Trench coat,plum Satin,858.1,83
Primer,"Wiegand, Stehr and Pouros",35.89,14
Business shoes,cyan Modal,912.97,22
Jumper,mint green Viscose,867.73,90
Dental floss,"Kemmer, Grady and Zieme",41.98,86
Hawaiian shirt,turquoise Toile,847.9,70
Blazer,red Leather,214.24,96
Lip liner,Bednar - DuBuque,64.92,88
Socks,magenta Cotton,827.7,39
Perfume,grey Merino Wool,969.08,37
Razor,Oberbrunner - Ritchie,196.6,28
T-shirt,purple Crepe,329.06,84
Bra,maroon Satin,590.12,24
Sunscreen,"Abshire, O'Hara and Ferry",30.57,44
Vest,fuchsia cashmere,914.24,97
Dress,black canvas,438.13,39
Hair clip,Kulas - Pfeffer,186.07,87
Scarf,sky blue canvas,853.17,98
Gloves,fuchsia Viscose,607.94,36
hair gel,"Konopelski, Kunze and Cummings",169.87,40
Sweater,grey Toile,72.15,6
Blazer,lavender Satin,625.79,41
Scissors,"Padberg, Williamson and Prosacco",137.09,91
Singlet,sky blue Georgette,194.16,86
Bikini,salmon canvas,947.97,35
Hair band,"Thiel, Dibbert and Klocko",47.61,33
T-shirt,sky blue Organza,204.98,2
One-piece bathing suit,white canvas,411.53,54
soap,"Barton, Simonis and Prohaska",196.83,4
Cargo pants,green Viscose,471.61,73
T-shirt,gold Spandex,954.11,19
Tweezers,Leuschke - Satterfield,118.1,38
Blazer,cyan cashmere,598.43,27
Swim trunks,olive Satin,438.78,4
soap,"Christiansen, Dare and O'Hara",64.39,36
Singlet,purple Jersey,617.2,94
Mittens,orange Organza,244.53,32
Sunglasses,Fisher - O'Keefe,183.5,4
Polo shirt,green Gingham,478.45,91
Trench coat,lime Lace,912.48,32
Mirror,"Quigley, Walker and Pfannerstill",159.62,4
Purse,grey Chenille,563.14,85
Sleeveless shirt,azure Spandex,253.78,74
Mirror,Schaefer Inc,41.18,82
Hoodie,plum Modal,65.75,83
Sunglasses,mint green Chenille,699.16,16
Tweezers,Bradtke - Nolan,69.55,62
Blazer,plum Taffeta,679,69
Swim trunks,black Chiffon,609.33,72
Toothpaste,"Dietrich, Runte and Hermann",180.86,60
Mittens,lime Cotton,782.25,62
Tie,orchid Velvet,40.7,76
Mascara,Heathcote Group,80.43,79
Sneakers,orange Muslin,574.43,12
Pullover,lime Velvet,687.35,63
Primer,Bernier Inc,107.64,60
Scarf,grey Crepe,272.72,70
Singlet,lime Polyester,99.02,4
Moisturizer,"Oberbrunner, Daugherty and Hoeger",190.55,31
Boots,teal Polyester,525.22,30
Jumper,cyan cashmere,74.45,63
Nail polish,Runolfsson - Hirthe,163.42,20
Handbag,indigo Taffeta,957.43,11
Skirt,plum Taffeta,57.66,59
Tweezers,Satterfield and Sons,22.7,57
Long-sleeve top,grey Gingham,515.15,92
Necklace,grey Jersey,57.66,70
Hair clip,Klein Inc,90.72,1
Pullover,cyan Damask,413.06,13
Straw hat,plum Jersey,528.95,80
Tissues,"Kub, Heathcote and Crist",84.18,56
Bow tie,orchid Leather,368.99,82
Dress,olive Muslin,841.8,26
Sunglasses,"Reinger, Zulauf and Brakus",92.03,15
T-shirt,ivory Chenille,112.45,42
Dress,white Jersey,711.35,24
Hairbrush,"Christiansen, Champlin and Quigley",83.44,6
Singlet,sky blue Satin,820.54,35
Scarf,cyan Cotton,317.13,82
Lip liner,Collier Inc,186.38,49
Purse,black Jersey,464.15,95
Blazer,teal Organza,764.5,19
Hair clip,"Gislason, Gleason and Ondricka",174.5,42
Tie,lavender Muslin,224.15,75
Long coat,grey Leather,548.68,42
Bobby pin,Balistreri - Sawayn,89.07,87
Swimsuit,orchid Chiffon,659.82,72
Blazer,mint green Linen,459.39,49
Eye shadow,Stiedemann - Bogan,43.87,29
Jumper,white Suede,72.33,52
Skirt,grey Taffeta,496.26,1
Hair spray,Jerde - Lubowitz,127.87,36
Boots,teal Velvet,620.99,7
Sheath dress,pink Cotton,888.83,42
soap,Weber Inc,82.56,68
Boots,green Modal,764.45,18
Long-sleeve top,fuchsia Suede,950.08,55
Tweezers,Cruickshank - Becker,107.58,39
Scarf,black Silk,226.75,42
Straw hat,turquoise Georgette,305.57,13
Brush,Hackett Inc,160.97,63
Swimsuit,purple Jersey,990.75,48
Hawaiian shirt,ivory Damask,562.09,30
Lipstick,Nicolas and Sons,148.18,16
Pullover,orchid Satin,363.21,36
Hawaiian shirt,azure Lace,317.73,39
Dental floss,Gorczany - Franecki,90.44,21
Jeans,yellow Crepe,339.1,96
Swimsuit,turquoise Lace,968.32,44
Comb,Boehm - Tromp,40.18,55
Straw hat,sky blue Lace,576.19,31
Dress pants,gold Crepe,475,76
Toothbrush,Hayes Inc,83.33,49
Tank top,red Toile,866.01,45
Formal dress,magenta Damask,287.39,75
Brightener,Wiegand - Beier,83.53,15
Business shoes,fuchsia Suede,255.6,21
Swimsuit,teal Spandex,478.92,47
hair gel,Bruen - Mueller,42.92,93
Jeans,olive Crepe,179.49,68
Waistcoat,teal Chenille,490.39,36
Sunglasses,Christiansen - Hilll,14.85,59
Polo shirt,mint green Spandex,211.87,71
Top hat,purple Chiffon,752.34,98
Sunglasses,Murazik - Kuphal,173.41,35
Suit,black cashmere,663.98,52
Ring,maroon Satin,113.06,50
Concealer,Keebler - Friesen,160.83,92
Sunglasses,violet Jersey,865.73,90
Waistcoat,grey Silk,618.61,16
Mascara,Cummerata - Rutherford,162.12,45
Dress pants,yellow Gingham,532.68,81
Beanie,orchid Jersey,923.44,74
Foundation,Franecki LLC,171.58,6
Sunglasses,fuchsia Toile,978.68,76
Long coat,indigo Crepe,744.08,4
Tweezers,"Dickens, Jacobson and Wehner",140.31,25
Cap,magenta Spandex,169.08,44
Mittens,silver Muslin,913.1,47
Sunglasses,Rogahn - Armstrong,43.32,41
Scarf,lime Suede,105.49,63
Tie,lavender Crepe,820.6,61
Hand mirror,VonRueden - Muller,26.47,84
Flip flops,gold Damask,434.57,49
Slip,green Taffeta,311.6,77
hair gel,"Schneider, Padberg and Murazik",37.33,46
Dress pants,ivory Linen,383.6,50
Boots,white Velvet,316.61,22
Mascara,"Macejkovic, Kemmer and Cronin",196.66,66
Mittens,turquoise Georgette,105.63,27
Stockings,lime Silk,39.94,100
Foundation,Becker - Homenick,57.64,21
Boots,indigo Suede,938.39,34
Perfume,red Suede,382.62,14
Wet wipe,Casper - Tremblay,22.06,21
Tank top,orange Jersey,124.32,53
Polo shirt,orange Organza,604.41,81
Brightener,Fahey - Bailey,12.11,90
T-shirt,olive Suede,803.67,58
Cap,maroon Suede,313.61,54
Blush,Kunze - Durgan,187.76,54
Necklace,black cashmere,267.06,67
Dress pants,blue Twill,724.96,76
Scissors,"Leuschke, Bins and West",117.32,83
Glasses,maroon Leather,15.65,3
High heels,plum Gingham,431.91,49
Toothbrush,Keebler - Nitzsche,33.22,46
Swimsuit,green Toile,115.45,43
Glasses,turquoise Modal,521.56,3
Bronzer,Wilkinson - Bashirian,27.23,95
One-piece bathing suit,magenta Georgette,894.7,73
Purse,indigo Linen,663.43,88
Face cream,McKenzie - Mueller,157.3,8
Beret,lime canvas,956.71,39
One-piece bathing suit,lime Satin,664.26,17
Wet wipe,Hermann - Greenfelder,70.32,90
Hoodie,teal Silk,809.81,75
Sneakers,green Tweed,848.34,79
Concealer,"Gibson, Heaney and Green",52.96,78
Long coat,violet Muslin,487.88,96
Coat,violet Silk,915.47,98
Hand mirror,McLaughlin - Konopelski,127.38,45
Sweater,grey Taffeta,461.02,49
Boots,black Suede,186.24,72
Sunglasses,Yundt - Emmerich,79.8,77
Hawaiian shirt,blue Viscose,310.88,50
Derby hat,olive Toile,72.42,100
Bobby pin,"Spencer, Hartmann and Sanford",126.13,12
Boots,orchid Tweed,495.99,39
Watch,purple canvas,834.82,89
Concealer,Cronin and Sons,159.66,4
Sneakers,indigo Jersey,786.8,87
Bathrobe,indigo Suede,184.55,27
Nail polish,Sipes - Skiles,102.45,27
Belt,blue cashmere,505.73,4
Top hat,grey Crepe,606.49,66
Comb,Kunze Inc,134.84,19
Mittens,yellow Modal,799.04,89
monokini,gold Georgette,583.14,73
Tanning lotion,"Lang, Davis and Conroy",119.1,55
Capri trousers,teal Damask,416.98,23
Long coat,olive Tweed,240.1,11
Tissues,Padberg and Sons,17.62,78
Trench coat,ivory Taffeta,612.65,26
T-shirt,maroon Modal,604.15,73
Hand lotion,Beatty Inc,30.98,7
Necklace,maroon Modal,122.55,36
Earrings,cyan Damask,404.82,64
Comb,"Huels, Crona and Wisoky",16.63,58
Gloves,sky blue Lace,737.04,36
Boots,gold Polyester,391.65,87
Foundation,Rippin Group,12.34,47
Trench coat,pink Velvet,518.12,10
Sunglasses,magenta Jersey,152.49,46
Hair band,Wilkinson - Terry,114,34
Jeans,sky blue Taffeta,779.13,93
Long coat,gold Linen,742.64,22
Hair spray,Gorczany LLC,115.01,79
Trench coat,violet cashmere,757,75
Sweater,azure Chenille,453.4,79
Tweezers,Schinner - Heller,119.66,13
Jumper,sky blue Toile,139.59,25
Capri trousers,silver canvas,395.32,96
Makeup kit,"Rau, Schaden and McKenzie",19.71,16
Handbag,teal Jersey,563.81,83
Trench coat,magenta Spandex,894.37,96
hair dryer,Haley - Ward,56.81,44
Long coat,olive Chiffon,45.61,74
Beret,maroon Merino Wool,709.12,52
Razor,"Wintheiser, Lueilwitz and Herman",59.29,42
Hoodie,fuchsia Toile,689.35,4
Sneakers,turquoise Satin,540.77,82
Tweezers,"Cole, Mertz and Steuber",157.35,54
Capri trousers,sky blue Linen,667.5,71
Ring,olive Chenille,233.53,86
Blush,Kutch - Predovic,40.09,45
Earmuffs,blue Velvet,738.6,48
Swim trunks,salmon Damask,22.96,31
Scissors,"Ortiz, Russel and Hamill",59.5,11
Hawaiian shirt,magenta Cotton,376.59,49
Capri trousers,orchid Chenille,183.54,86
Hair clip,Volkman - Dickinson,32.25,58
Purse,teal Modal,863.9,30
Socks,orchid Merino Wool,196.94,83
Wet wipe,Nikolaus and Sons,86.8,27
Hoodie,olive Viscose,132.45,55
Uniform,orchid Merino Wool,715.24,31
Tanning lotion,"Predovic, Crist and Bahringer",128.25,14
Pullover,turquoise Suede,48.92,46
Scarf,yellow Suede,417.72,78
Toner,Zboncak - Casper,125.38,43
Sweater,plum Tweed,300.63,70
Underpants,indigo canvas,234.29,64
Face cream,Steuber and Sons,26.47,91
Dress,pink Polyester,629.96,98
Bracelet,violet cashmere,937.83,36
Tissues,O'Kon - VonRueden,169.7,29
Scarf,purple Jersey,847.48,55
Wallet,silver Cotton,718.12,73
Perfume,Runolfsdottir - Hilpert,185.56,28
Boots,maroon Merino Wool,729.27,33
Cap,grey Modal,194.55,63
Eyeliner,"Stroman, Breitenberg and Nicolas",18.42,18
Trench coat,blue Twill,927.03,78
Cargo pants,lime Jersey,449.62,20
Mouthwash,"Grady, White and Sauer",47.77,21
Jumper,grey Gingham,472.18,79
Watch,red Jersey,707.64,93
Sunglasses,Kiehn LLC,164.24,57
Flip flops,green Organza,625.31,96
Mittens,sky blue Merino Wool,610.59,74
Mirror,Batz LLC,93.24,43
Trench coat,indigo Chiffon,352.48,80
Socks,white Modal,746.3,82
Lip liner,"Schuppe, Ondricka and Hackett",166.07,13
Bra,silver Cotton,682.9,70
Stockings,purple Modal,506.79,73
Comb,Gislason Group,187,52
Hat,magenta canvas,361.17,3
Earmuffs,gold Cotton,329.72,68
Hand mirror,"Goyette, Ziemann and Luettgen",158.42,96
Jumper,tan Toile,589.42,75
Earrings,teal Silk,665.89,14
Hand lotion,Dicki - Langworth,141.6,73
Boots,orchid Toile,479.82,55
Dress,sky blue Silk,22.38,72
Wet wipe,Dare - Langosh,45.47,31
Long coat,tan Merino Wool,664.35,52
Hat,teal Damask,46.35,86
Toothpaste,Jerde LLC,143.56,87
Flip flops,grey Merino Wool,868.21,73
Sleeveless shirt,orchid Spandex,769.65,35
Lipstick,"Howell, Kertzmann and Berge",85.32,80
Dress pants,white Modal,144.53,35
Sweater,sky blue Damask,752.81,52
Toothbrush,"Stehr, Cassin and Ledner",15.46,88
Dress,orange Toile,12.81,84
Tie,maroon Georgette,411.39,85
soap,"Adams, Wiza and Hettinger",127.1,85
Trench coat,azure Tweed,440.1,16
Long-sleeve top,black Muslin,223.74,68
Brush,"Hamill, Hessel and Braun",121.76,33
Tank top,plum Tweed,294.91,12
Flip flops,cyan Linen,315.62,79
Bobby pin,Crona Inc,104.83,18
Boots,green Georgette,977.23,4
Bathrobe,blue Silk,752.6,40
Scissors,"DuBuque, Schoen and Brown",181.5,22
Long coat,yellow Chenille,346.91,72
Ring,green Chiffon,981.15,56
Nail polish,Fahey - Heathcote,198.17,100
Socks,purple Toile,385.22,90
Scarf,teal Gingham,694.95,47
Brightener,Murray - Bahringer,168.69,7
Handbag,lavender Modal,266.2,46
Uniform,red Tweed,236.95,41
soap,Keebler Inc,150.46,81
Hawaiian shirt,mint green Leather,888.39,49
monokini,tan Velvet,488.11,40
Moisturizer,Bosco - Bernier,54.82,73
T-shirt,purple Damask,697.64,43
Thong,fuchsia Cotton,137.14,9
Tissues,Herzog and Sons,100.58,28
Formal dress,gold Viscose,567.09,92
Tank top,sky blue Polyester,319.21,33
Face cream,Collier Group,109.1,54
Boots,tan Chiffon,933.26,8
Suit,cyan Gingham,415.79,6
Deodorant,Fritsch Group,34.78,46
monokini,cyan Damask,450.18,15
Coat,orchid Polyester,66.25,76
soap,Kris - Beahan,127.86,53
Pullover,magenta Modal,288.97,25
Watch,green canvas,570.63,97
Lip liner,"Sipes, Cole and Wunsch",128.02,55
Jumper,azure Spandex,123.37,97
Boots,sky blue Muslin,379.87,57
Hair spray,Stamm - Lindgren,24.9,27
Cargo pants,orchid Lace,641.38,71
Ring,mint green Taffeta,344.54,36
Cleanser,Greenholt - Harber,57.41,4
Boots,magenta Spandex,941.69,39
Tank top,lime Organza,973.16,33
Razor,"Mraz, Carter and Lemke",177.29,99
Bracelet,magenta Spandex,526.83,13
Blazer,orange Spandex,210.15,54
Moisturizer,Bartoletti - Labadie,113.9,46
Bow tie,grey Cotton,47.62,99
High heels,lavender Damask,712.14,84
Wet wipe,Stokes - Marquardt,110.36,63
T-shirt,lavender canvas,917.41,9
Polo shirt,maroon Georgette,665.2,38
Hand lotion,Kohler - Gulgowski,137.88,36
Trench coat,lavender Polyester,964.21,72
Jumper,cyan canvas,797.57,17
hair gel,Leuschke LLC,189.87,88
Sweater,blue Toile,455.91,16
Scarf,salmon canvas,42.77,57
Tweezers,"Feest, Murazik and Schoen",112.7,77
Hoodie,salmon Leather,164.44,24
Dress pants,silver cashmere,623.36,90
Hairbrush,Schoen and Sons,74.85,52
Swimsuit,magenta Viscose,874.45,51
Polo shirt,turquoise Cotton,761.53,77
Primer,Rippin - Heller,180.44,58
Necklace,silver Taffeta,942.45,33
Tie,lime Muslin,425.16,43
Hair clip,"Boyer, Oberbrunner and D'Amore",131.1,5
Long-sleeve top,violet Satin,124.49,96
T-shirt,salmon Taffeta,330.85,5
Comb,"Wilkinson, Kirlin and Botsford",62.34,83
Capri trousers,tan Muslin,176.2,77
Trench coat,salmon Velvet,305.46,63
Wet wipe,Durgan LLC,109.9,43
Polo shirt,magenta Merino Wool,307.43,14
Jacket,indigo Georgette,124.96,20
Dental floss,Bins - Ortiz,41.33,62
Cap,red Silk,50.45,8
Tie,pink Jersey,347.45,53
Makeup kit,"Blick, Kuhn and Walker",103.82,11
Top hat,white Merino Wool,451.85,7
Boots,azure Muslin,110.79,43
Lipstick,McDermott - Steuber,76.27,46
Earmuffs,teal Taffeta,385.97,50
Derby hat,green Satin,321.07,69
Wet wipe,"Herzog, Larkin and Muller",11.6,25
Dress pants,violet Velvet,302.28,23
Tank top,sky blue Leather,673.03,81
Lipstick,"Reichel, Runolfsson and Larkin",116.62,29
Sleeveless shirt,salmon Georgette,125.17,2
Boots,red Satin,192.7,5
Perfume,Swaniawski - Cronin,70.88,75
Swimsuit,orange Gingham,399.69,37
Cargo pants,indigo Modal,148.75,79
Primer,Greenholt and Sons,48.58,44
Swim trunks,yellow Merino Wool,933.86,45
Watch,lime Spandex,728.43,85
Razor,Lubowitz and Sons,42.22,59
Necklace,red Linen,78.99,86
Jacket,maroon Jersey,768.19,52
Lipstick,Jones - Adams,115.02,24
Sleeveless shirt,grey Toile,272.08,19
Derby hat,silver Lace,487.64,24
Tweezers,"Hodkiewicz, Nienow and Raynor",123.11,41
Top hat,turquoise Viscose,104.3,15
Swim trunks,plum Georgette,966.62,10
Hair spray,"Rogahn, Johnson and Emard",180.13,26
Thong,tan Georgette,193.38,96
Swimsuit,cyan Velvet,49.16,27
Toothpaste,"Kuphal, Botsford and Harris",32.07,19
Polo shirt,purple Viscose,750.22,70
Polo shirt,teal Viscose,146.44,72
Toothpaste,"Ritchie, Jacobs and Toy",75.19,13
Dress pants,salmon Muslin,378.24,86
One-piece bathing suit,turquoise Lace,38.49,31
Dental floss,Reynolds - Fahey,141.64,18
Beret,orchid Tweed,155.51,33
Belt,orange Tweed,895.17,86
Nail polish,Bednar Inc,34.39,27
Boots,purple cashmere,437.02,30
Watch,purple Cotton,610.5,84
Toothbrush,"Bode, Russel and Volkman",133.53,48
Sport shoes,maroon Leather,204.05,98
Vest,tan Georgette,134.25,97
Tissues,Lind - Gusikowski,42.04,3
Shorts,indigo Georgette,952.51,25
Coat,tan Gingham,901.07,90
Concealer,Smith - O'Keefe,50.97,4
Polo shirt,mint green Muslin,293.97,63
Underpants,azure Merino Wool,30.98,11
Blush,Price - Cummings,48.26,41
Polo shirt,mint green Lace,974.2,72
Bracelet,plum Polyester,756.57,24
Perfume,"Lubowitz, Lemke and Leannon",97.39,22
Trench coat,magenta Taffeta,396.66,98
Bra,fuchsia Twill,311.59,32
Tweezers,Howe LLC,186.88,66
Shorts,orange Georgette,500.92,71
Perfume,grey Organza,442.5,28
Blush,Hilll and Sons,86.92,34
Hoodie,ivory Muslin,405.59,88
Blazer,pink Polyester,443.3,43
Eyeliner,Stoltenberg and Sons,48.04,12
Thong,azure Tweed,251.81,76
Straw hat,olive cashmere,45.87,12
Mascara,Green Inc,53.06,46
Flip flops,turquoise Viscose,975.65,87
Swimsuit,orchid Tweed,512.34,31
hair dryer,Morar Group,146.65,13
Jeans,yellow Suede,142.79,52
High heels,red Silk,742.07,85
Deodorant,"Wilkinson, Schamberger and Stamm",140.03,77
Gloves,grey Twill,500.37,57
Flip flops,grey Lace,566.02,70
Tweezers,Larson Inc,89.53,80
Formal dress,magenta Muslin,171.69,39
Cap,magenta Muslin,81.12,44
Face cream,Bashirian Group,183.73,35
Long-sleeve top,salmon Suede,820.72,71
Cargo pants,maroon Taffeta,930.37,37
Bobby pin,"Hoeger, Donnelly and Hamill",22.76,24
Bra,purple Viscose,241.12,76
Trench coat,ivory Merino Wool,119.6,54
Blush,Torphy Inc,77.12,96
T-shirt,red Toile,131.19,2
Singlet,white Satin,596.76,49
Cleanser,Brekke and Sons,168.18,70
Long coat,orange Merino Wool,971.74,13
Scarf,salmon Velvet,479.4,86
Eyeliner,"Lind, Herman and Rath",187.68,44
